banda,data,local,link_ingresso,logo_url
Banda Live 80 + David Bowie Project,2026-08-20,Manifesto Rock Bar - São Paulo,https://www.clubedoingresso.com/evento/bandalive80-davisbowie-manifesto,"http://res.cloudinary.com/carlosep/image/upload/q_auto,f_auto,w_800,c_scale/v1787025640/scraper/production/22065.jpg"
Banda Live 80,2026-08-20,Manifesto - São Paulo,https://www.clubedoingresso.com/evento/bandalive80-manifesto-20-08,"http://res.cloudinary.com/carlosep/image/upload/q_auto,f_auto,w_800,c_scale/v1786196701/scraper/production/21817.jpg"
Casa Lab Rock Night,2026-08-21,Casa Lab - São Paulo,https://www.clubedoingresso.com/evento/casalabrocknight,"http://res.cloudinary.com/carlosep/image/upload/q_auto,f_auto,w_800,c_scale/v1786196708/scraper/production/21819.jpg"
Covers: Black Sabbath e Whitesnake,2026-08-21,Manifesto Rock Bar - São Paulo,https://www.clubedoingresso.com/evento/blacksabbath-whitesnake-manifesto,"http://res.cloudinary.com/carlosep/image/upload/q_auto,f_auto,w_800,c_scale/v1786196710/scraper/production/21821.jpg"
Rockphonic,2026-08-21,Bar Charles Edward - São Paulo,https://www.clubedoingresso.com/evento/rockphonic,"http://res.cloudinary.com/carlosep/image/upload/q_auto,f_auto,w_800,c_scale/v1786196711/scraper/production/21822.jpg"
Tributo Legião Urbana,2026-08-21,a confirmar - São Paulo,https://www.clubedoingresso.com/evento/tributolegiaourbana-21-08,"http://res.cloudinary.com/carlosep/image/upload/q_auto,f_auto,w_800,c_scale/v1786196716/scraper/production/21823.jpg"
Bullet Bane - Lançamento 'O Agora Que Cobra Viver',2026-08-21,Fabrique Club - São Paulo,https://fastix.com.br/api/events/bullet-bane-lancamento-o-agora-que-cobra-viver-em-sao-paulo/details,"http://res.cloudinary.com/carlosep/image/upload/q_auto,f_auto,w_800,c_scale/v1786196876/scraper/production/21885.jpg"
Covers: Iron Maiden e Metallica,2026-08-22,Manifesto Rock Bar - São Paulo,https://www.clubedoingresso.com/evento/coversironmaidenmetallica,"http://res.cloudinary.com/carlosep/image/upload/q_auto,f_auto,w_800,c_scale/v1786196723/scraper/production/21826.jpg"
Cachimbongfire + Briga de Pombo na Casa Lab,2026-08-22,Casa Lab - São Paulo,https://www.clubedoingresso.com/evento/cachimbongfirebrigadepombo-casalab,"http://res.cloudinary.com/carlosep/image/upload/q_auto,f_auto,w_800,c_scale/v1786196720/scraper/production/21824.jpg"
Domingueira K7 & Os Valvulados,2026-08-22,Espaço Villa do Som - São Paulo,https://www.clubedoingresso.com/evento/domingueirak7-osvalvulados-22-08,"http://res.cloudinary.com/carlosep/image/upload/q_auto,f_auto,w_800,c_scale/v1786196722/scraper/production/21825.jpg"
Sabadão K7 & Os Valvulados,2026-08-22,Espaço Villa do Som - São Paulo,https://www.clubedoingresso.com/evento/sabadaok7-osvalvulados-22-08,"http://res.cloudinary.com/carlosep/image/upload/q_auto,f_auto,w_800,c_scale/v1786593665/scraper/production/21970.jpg"
Undercover Fest – Rock In Sampa,2026-08-22,Jai Club - São Paulo,https://www.sympla.com.br/evento/undercover-fest-rock-in-sampa/3449063,"http://res.cloudinary.com/carlosep/image/upload/q_auto,f_auto,w_800,c_scale/v1780372967/scraper/production/21522.jpg"
Tributo Forfun - 15 Anos 'Alegria Compartilhada' no Hangar 110,2026-08-22,Hangar 110 - São Paulo,https://pixelticket.com.br/eventos/32772/tributo-forfun-15-anos-alegria-compartilhada-no-hangar-110,"http://res.cloudinary.com/carlosep/image/upload/q_auto,f_auto,w_800,c_scale/v1786196892/scraper/production/21898.jpg"
Special Queen,2026-08-22,Shopping Jardim Sul - São Paulo,https://www.sympla.com.br/evento/special-queen/3409291,"http://res.cloudinary.com/carlosep/image/upload/q_auto,f_auto,w_800,c_scale/v1777781137/scraper/production/20843.jpg"
Kiss (Danger) + Scorpions (Dynamite),2026-08-22,Rooftop Galeria do Rock - São Paulo,https://www.clubedoingresso.com/evento/kissdangerscorpionsdynamite,"http://res.cloudinary.com/carlosep/image/upload/q_auto,f_auto,w_800,c_scale/v1786196728/scraper/production/21827.jpg"
Samir - J4MPA - Pablo Vermell,2026-08-23,Casa Lab - São Paulo,https://www.clubedoingresso.com/evento/samirj4mpapablovermell-casalab,"http://res.cloudinary.com/carlosep/image/upload/q_auto,f_auto,w_800,c_scale/v1787025641/scraper/production/22066.jpg"
Rock BR 80',2026-08-23,Teatro Jardim Sul - São Paulo,https://www.sympla.com.br/evento/rock-br-80/3451719,"http://res.cloudinary.com/carlosep/image/upload/q_auto,f_auto,w_800,c_scale/v1780459367/scraper/production/21546.jpg"
Banda Live 80,2026-08-27,Manifesto Rock Bar - São Paulo,https://www.clubedoingresso.com/evento/bandalive80-manifesto-27-08,"http://res.cloudinary.com/carlosep/image/upload/q_auto,f_auto,w_800,c_scale/v1786196739/scraper/production/21828.jpg"
Lyra And The Dreamers + Juniper e Jhony Brasil + Jardim Depressa,2026-08-28,Casa Lab - São Paulo,https://www.clubedoingresso.com/evento/lyraandthedreamersjuniperjhonybrasiljardimdepressa,"http://res.cloudinary.com/carlosep/image/upload/q_auto,f_auto,w_800,c_scale/v1786420850/scraper/production/21934.jpg"
Raimundos 30 anos,2026-08-28,Manifesto Rock Bar - São Paulo,https://www.clubedoingresso.com/evento/raimundos30anos,"http://res.cloudinary.com/carlosep/image/upload/q_auto,f_auto,w_800,c_scale/v1786196741/scraper/production/21829.jpg"
RUSH (2113),2026-08-28,Rooftop Galeria do Rock - São Paulo,https://www.clubedoingresso.com/evento/rush2113-rooftop,"http://res.cloudinary.com/carlosep/image/upload/q_auto,f_auto,w_800,c_scale/v1786196745/scraper/production/21831.jpg"
Memphis May Fire e Blessthefall,2026-08-29,Carioca Club Pinheiros - São Paulo,https://www.clubedoingresso.com/evento/memphismayfire-blessthefall-sp,"http://res.cloudinary.com/carlosep/image/upload/q_auto,f_auto,w_800,c_scale/v1772856226/scraper/production/18932.jpg"
Covers: Sleep Token - Linkin Park - Bad Omens,2026-08-29,Manifesto - São Paulo,https://www.clubedoingresso.com/evento/coverssleeptokenlinkinparkbadomens,"http://res.cloudinary.com/carlosep/image/upload/q_auto,f_auto,w_800,c_scale/v1786196748/scraper/production/21832.jpg"
Indie Experience - Na Rua Augusta,2026-08-29,Augusta Hi Fi - São Paulo,https://www.clubedoingresso.com/evento/indieexperiencenaruaaugusta,"http://res.cloudinary.com/carlosep/image/upload/q_auto,f_auto,w_800,c_scale/v1786196752/scraper/production/21833.jpg"
Márcio Sanches Apresenta Classical Queen + Radiotunes,2026-08-29,Rooftop Galeria do Rock - São Paulo,https://www.clubedoingresso.com/evento/marciosachesclassicalqueenradiotunes,"http://res.cloudinary.com/carlosep/image/upload/q_auto,f_auto,w_800,c_scale/v1786196757/scraper/production/21834.jpg"
Gloria,2026-08-29,Hangar 110 - São Paulo,https://pixelticket.com.br/eventos/32810/gloria,"http://res.cloudinary.com/carlosep/image/upload/q_auto,f_auto,w_800,c_scale/v1786196890/scraper/production/21897.jpg"
Children Rock Fest - Covers Foo Fighters e Korn,2026-08-30,Manifesto Rock Bar - São Paulo,https://www.clubedoingresso.com/evento/childrenrockfestcoversfoofighterskornmanifesto,"http://res.cloudinary.com/carlosep/image/upload/q_auto,f_auto,w_800,c_scale/v1786680054/scraper/production/22001.jpg"
Festa de Audição - Álbum Shards,2026-08-30,Casa Lab - São Paulo,https://www.clubedoingresso.com/evento/festadeaudicao-albumshards,"http://res.cloudinary.com/carlosep/image/upload/q_auto,f_auto,w_800,c_scale/v1787025641/scraper/production/22067.jpg"
Sanctuary,2026-08-30,Burning House - São Paulo,https://www.ingressomaster.com/setores/62/sanctuary,a confirmar
Garage Fuzz,2026-09-02,Manifesto Rock Bar - São Paulo,https://www.clubedoingresso.com/evento/garagefuzz-manifesto,"http://res.cloudinary.com/carlosep/image/upload/q_auto,f_auto,w_800,c_scale/v1786196765/scraper/production/21836.jpg"
Banda Live 80,2026-09-03,Manifesto - São Paulo,https://www.clubedoingresso.com/evento/bandalive80-manifesto-03-09,"http://res.cloudinary.com/carlosep/image/upload/q_auto,f_auto,w_800,c_scale/v1786593660/scraper/production/21968.jpg"
Covers: Ozzy - Motorhead - ACDC,2026-09-04,Manifesto Rock Bar - São Paulo,https://www.clubedoingresso.com/evento/ozzymotorheadacdcmanifesto,"http://res.cloudinary.com/carlosep/image/upload/q_auto,f_auto,w_800,c_scale/v1786593659/scraper/production/21967.jpg"
Bloco Emo Brasil,2026-09-05,Carioca Club Pinheiros - São Paulo,https://www.clubedoingresso.com/evento/blocoemobrasil,"http://res.cloudinary.com/carlosep/image/upload/q_auto,f_auto,w_800,c_scale/v1786420858/scraper/production/21936.jpg"
Cover: Bon Jovi - These Days,2026-09-05,Manifesto Rock Bar - São Paulo,https://www.clubedoingresso.com/evento/cover-bonjovi-thesedays,"http://res.cloudinary.com/carlosep/image/upload/q_auto,f_auto,w_800,c_scale/v1786680059/scraper/production/22003.jpg"
System of a Down (Fuck The System) + Avenged Sevenfold (Fiction),2026-09-05,Rooftop Galeria do Rock - São Paulo,https://www.clubedoingresso.com/evento/systemofadown-avengedsevenfold,"http://res.cloudinary.com/carlosep/image/upload/q_auto,f_auto,w_800,c_scale/v1786766463/scraper/production/22033.jpg"
Covers: Guns N Roses e Kiss,2026-09-06,Manifesto Rock Bar - São Paulo,https://www.clubedoingresso.com/evento/coversgunsnrosesekiss,"http://res.cloudinary.com/carlosep/image/upload/q_auto,f_auto,w_800,c_scale/v1786680058/scraper/production/22002.jpg"
Nova Twins em São Paulo,2026-09-06,Cine Joia - São Paulo,https://fastix.com.br/api/events/nova-twins-em-sao-paulo/details,"http://res.cloudinary.com/carlosep/image/upload/q_auto,f_auto,w_800,c_scale/v1786196881/scraper/production/21889.jpg"
Machine Gun Kelly (MGK),2026-09-06,Espaço Unimed - São Paulo,a confirmar,a confirmar
Rammstein Symphonic Tribute,2026-09-07,Teatro APCD - São Paulo,https://www.clubedoingresso.com/evento/rammsteinsymphonictribute-sp,"http://res.cloudinary.com/carlosep/image/upload/q_auto,f_auto,w_800,c_scale/v1780286544/scraper/production/21488.jpg"
Nervosa em São Paulo,2026-09-07,Carioca Club Pinheiros - São Paulo,https://www.clubedoingresso.com/evento/nervosa-saopaulo,"http://res.cloudinary.com/carlosep/image/upload/q_auto,f_auto,w_800,c_scale/v1786196777/scraper/production/21841.jpg"
Paul Gilbert em São Paulo,2026-09-08,Fabrique Club - São Paulo,https://www.clubedoingresso.com/evento/paulgilbert-saopaulo,"http://res.cloudinary.com/carlosep/image/upload/q_auto,f_auto,w_800,c_scale/v1780977769/scraper/production/21680.jpg"
Bloodbath / The Haunted / NervoChaos / Warshipper,2026-09-08,Carioca Club Pinheiros - São Paulo,https://www.clubedoingresso.com/evento/bloodbath-thehaunted-nervochaos-warshipper-saopaulo,"http://res.cloudinary.com/carlosep/image/upload/q_auto,f_auto,w_800,c_scale/v1777608164/scraper/production/20781.jpg"
Sexta Rock Especial,2026-09-11,Cervejazul Music Club - São Paulo,https://www.clubedoingresso.com/evento/sextarockespecial-cervejazul,"http://res.cloudinary.com/carlosep/image/upload/q_auto,f_auto,w_800,c_scale/v1787025644/scraper/production/22068.jpg"
Pegada de Gorila - Monarca Bar,2026-09-11,Monarca Bar - São Paulo,https://www.clubedoingresso.com/evento/pegadadegorila-monarca-bar,"http://res.cloudinary.com/carlosep/image/upload/q_auto,f_auto,w_800,c_scale/v1786196785/scraper/production/21843.jpg"
Os Extintos no Bar Charles,2026-09-11,Bar Charles Edward - São Paulo,https://www.clubedoingresso.com/evento/os-extintos-11-09,"http://res.cloudinary.com/carlosep/image/upload/q_auto,f_auto,w_800,c_scale/v1786196782/scraper/production/21842.jpg"
RANCORE,2026-09-11,Hangar 110 - São Paulo,https://pixelticket.com.br/eventos/32684/rancore,"http://res.cloudinary.com/carlosep/image/upload/q_auto,f_auto,w_800,c_scale/v1786196897/scraper/production/21901.jpg"
LINKIN PARK (Zero) + KORN (Klowns),2026-09-12,Rooftop Galeria do Rock - São Paulo,https://www.clubedoingresso.com/evento/linkinpark-korn,"http://res.cloudinary.com/carlosep/image/upload/q_auto,f_auto,w_800,c_scale/v1786766463/scraper/production/22032.jpg"
Touché Amoré Stage Four,2026-09-12,Cine Joia - São Paulo,https://fastix.com.br/api/events/touche-amore-stage-four-2026-show-em-sao-paulo/details,"http://res.cloudinary.com/carlosep/image/upload/q_auto,f_auto,w_800,c_scale/v1768190581/scraper/production/17402.jpg"
Touché Amoré (Stage Four show) + Celeste,2026-09-12,Cine Joia - São Paulo,https://fastix.com.br/api/events/touche-amore-stage-four-show-celeste-franca-em-sao-paulo/details,"http://res.cloudinary.com/carlosep/image/upload/q_auto,f_auto,w_800,c_scale/v1786196881/scraper/production/21890.jpg"
RANCORE,2026-09-12,Hangar 110 - São Paulo,https://pixelticket.com.br/eventos/32684/rancore,"http://res.cloudinary.com/carlosep/image/upload/q_auto,f_auto,w_800,c_scale/v1786196898/scraper/production/21902.jpg"
Sicknot na Casa Lab,2026-09-13,Casa Lab - São Paulo,https://www.clubedoingresso.com/evento/sicknot-casalab,"http://res.cloudinary.com/carlosep/image/upload/q_auto,f_auto,w_800,c_scale/v1786196797/scraper/production/21845.jpg"
RANCORE,2026-09-13,Hangar 110 - São Paulo,https://pixelticket.com.br/eventos/32684/rancore,"http://res.cloudinary.com/carlosep/image/upload/q_auto,f_auto,w_800,c_scale/v1786196899/scraper/production/21903.jpg"
Charles Edward apresenta: Double You,2026-09-18,Bar Charles Edward - São Paulo,https://www.clubedoingresso.com/evento/charlesedwarddoubleyou,"http://res.cloudinary.com/carlosep/image/upload/q_auto,f_auto,w_800,c_scale/v1786507260/scraper/production/21940.jpg"
MY CHEMICAL ROMANCE (Cover Brasil) + GREEN DAY (Greeners Day) + BLINK 182 (Cover Brasil),2026-09-19,Rooftop Galeria do Rock - São Paulo,https://www.clubedoingresso.com/evento/mychemicalromance-greenday-blink182,"http://res.cloudinary.com/carlosep/image/upload/q_auto,f_auto,w_800,c_scale/v1786766468/scraper/production/22035.jpg"
4 Anos da Banda Pulsos na Casa Lab,2026-09-19,Casa Lab - São Paulo,https://www.clubedoingresso.com/evento/4anos-bandapulsos-casalab,"http://res.cloudinary.com/carlosep/image/upload/q_auto,f_auto,w_800,c_scale/v1786196801/scraper/production/21846.jpg"
Nicotine Dolls,2026-09-19,Cine Joia - São Paulo,https://fastix.com.br/api/events/nicotine-dolls-em-sao-paulo/details,"http://res.cloudinary.com/carlosep/image/upload/q_auto,f_auto,w_800,c_scale/v1777089761/scraper/production/20607.jpg"
Elton John Diamonds,2026-09-19,Teatro Jardim Sul - São Paulo,https://www.sympla.com.br/evento/elton-john-diamonds/3409294,"http://res.cloudinary.com/carlosep/image/upload/q_auto,f_auto,w_800,c_scale/v1777781141/scraper/production/20845.jpg"
Helloween,2026-09-19,Suhai Music Hall - São Paulo,https://www.eventim.com.br/artist/helloween/,a confirmar
Landmvrks Latin America Tour 2026,2026-09-20,Carioca Club Pinheiros - São Paulo,https://www.clubedoingresso.com/evento/landmvrks-saopaulo,"http://res.cloudinary.com/carlosep/image/upload/q_auto,f_auto,w_800,c_scale/v1776571400/scraper/production/20420.jpg"
Pholhas - 57 Anos de Sucesso,2026-09-20,Clube Piratininga - São Paulo,https://www.clubedoingresso.com/evento/pholhas-57anosdesucesso,"http://res.cloudinary.com/carlosep/image/upload/q_auto,f_auto,w_800,c_scale/v1786196806/scraper/production/21848.jpg"
Vitória Rock Fest 2026,2026-09-20,Club RC - São Paulo (VERIFICAR: endereço extraído aponta para Copacabana/RJ),https://www.sympla.com.br/evento/vitoria-rock-fest-2026/3450992,"http://res.cloudinary.com/carlosep/image/upload/q_auto,f_auto,w_800,c_scale/v1780459364/scraper/production/21544.jpg"
SAMIAM (EUA) + Garage Fuzz,2026-09-25,Hangar 110 - São Paulo,https://fastix.com.br/api/events/samiam-eua-em-sao-paulo/details,"http://res.cloudinary.com/carlosep/image/upload/q_auto,f_auto,w_800,c_scale/v1780977775/scraper/production/21682.jpg"
Gravação Oficial do DVD - 5 Anos da Banda Totten,2026-09-25,Bar Charles Edward - São Paulo,https://www.clubedoingresso.com/evento/gravacaooficialdodvd-5anosbandatotten,"http://res.cloudinary.com/carlosep/image/upload/q_auto,f_auto,w_800,c_scale/v1786196804/scraper/production/21847.jpg"
Paramore – Emotour Experience no FFFront,2026-09-25,FFFront - São Paulo,https://www.clubedoingresso.com/evento/paramoreemotourexperience,"http://res.cloudinary.com/carlosep/image/upload/q_auto,f_auto,w_800,c_scale/v1786196808/scraper/production/21849.jpg"
Michale Graves - Acústico,2026-09-26,Rooftop Galeria do Rock - São Paulo,https://www.clubedoingresso.com/evento/michalegravesacustico,"http://res.cloudinary.com/carlosep/image/upload/q_auto,f_auto,w_800,c_scale/v1780372947/scraper/production/21508.jpg"
DIO (Heaven And Hell),2026-09-26,Rooftop Galeria do Rock - São Paulo,https://www.clubedoingresso.com/evento/dio,"http://res.cloudinary.com/carlosep/image/upload/q_auto,f_auto,w_800,c_scale/v1786766471/scraper/production/22036.jpg"
Petra & Whitecross,2026-09-26,Carioca Club Pinheiros - São Paulo,https://www.clubedoingresso.com/evento/petraewhitecross-saopaulo,"http://res.cloudinary.com/carlosep/image/upload/q_auto,f_auto,w_800,c_scale/v1769054538/scraper/production/17665.jpg"
Anette Olzon & Orquestra em São Paulo,2026-09-26,Teatro APCD - São Paulo,https://www.clubedoingresso.com/evento/anette-olzon-saopaulo,"http://res.cloudinary.com/carlosep/image/upload/q_auto,f_auto,w_800,c_scale/v1761192085/scraper/production/16406.jpg"
Old Man's Child,2026-09-26,Burning House - São Paulo,https://101tickets.com.br/events/details/Old-Man-s-Child-em-Sao-Paulo-26-09,a confirmar
Woodstock 2026,2026-09-27,Refúgio Rock Bar - São Paulo,https://www.clubedoingresso.com/evento/woodstock2026,"http://res.cloudinary.com/carlosep/image/upload/q_auto,f_auto,w_800,c_scale/v1786248054/scraper/production/21907.jpg"
25 Anos Banda Manerada – Celebração Especial no Deck Bar,2026-09-27,Deck Bar São Paulo,https://www.clubedoingresso.com/evento/manerada-deckbar,"http://res.cloudinary.com/carlosep/image/upload/q_auto,f_auto,w_800,c_scale/v1786593667/scraper/production/21971.jpg"
Meet & Greet Angra,2026-10-02,Tokio Marine Hall - São Paulo,https://www.clubedoingresso.com/evento/meetandgreet-angra-tokiomarinehall-02-10,"http://res.cloudinary.com/carlosep/image/upload/q_auto,f_auto,w_800,c_scale/v1778644937/scraper/production/21068.jpg"
These Days - Bon Jovi Cover,2026-10-02,Bar Charles Edward - São Paulo,https://www.clubedoingresso.com/evento/charlesedwardthesedaysbonjovicover,"http://res.cloudinary.com/carlosep/image/upload/q_auto,f_auto,w_800,c_scale/v1787025645/scraper/production/22069.jpg"
Meet & Greet Angra,2026-10-03,Tokio Marine Hall - São Paulo,https://www.clubedoingresso.com/evento/meetandgreet-angra-tokiomarinehall-03-10,"http://res.cloudinary.com/carlosep/image/upload/q_auto,f_auto,w_800,c_scale/v1778644937/scraper/production/21069.jpg"
Babilônia Rita Lee Tributo,2026-10-03,Teatro Jardim Sul - São Paulo,https://www.sympla.com.br/evento/babilonia-rita-lee-tributo/3409334,"http://res.cloudinary.com/carlosep/image/upload/q_auto,f_auto,w_800,c_scale/v1777781143/scraper/production/20846.jpg"
Sonata Arctica - 30th Anniversary Tour,2026-10-03,Audio - São Paulo,https://www.clubedoingresso.com/evento/sonataarctica,"http://res.cloudinary.com/carlosep/image/upload/q_auto,f_auto,w_800,c_scale/v1771646597/scraper/production/18383.jpg"
A Flock of Seagulls,2026-10-07,Cine Joia - São Paulo,https://fastix.com.br/api/events/a-flock-of-seagulls-em-sao-paulo/details,"http://res.cloudinary.com/carlosep/image/upload/q_auto,f_auto,w_800,c_scale/v1778040167/scraper/production/20913.jpg"
Fabio Lione & Orquestra em São Paulo - Sessão Extra,2026-10-10,Teatro APCD - São Paulo,https://www.clubedoingresso.com/evento/fabiolioneeorchestra-saopaulo-sessaoextra,"http://res.cloudinary.com/carlosep/image/upload/q_auto,f_auto,w_800,c_scale/v1777003360/scraper/production/20584.jpg"
Fabio Lione & Orquestra em São Paulo,2026-10-10,Teatro APCD - São Paulo,https://www.clubedoingresso.com/evento/fabiolioneeorchestra-saopaulo,"http://res.cloudinary.com/carlosep/image/upload/q_auto,f_auto,w_800,c_scale/v1/scraper/production/18055.jpg"
Black Label Society - São Paulo,2026-10-10,Terra SP - São Paulo,https://www.clubedoingresso.com/evento/blacklabelsociety-saopaulo,"http://res.cloudinary.com/carlosep/image/upload/q_auto,f_auto,w_800,c_scale/v1779336137/scraper/production/21251.jpg"
Untune Fest II,2026-10-11,Casa Lab - São Paulo,https://www.clubedoingresso.com/evento/untunefestiicasalab11-10,"http://res.cloudinary.com/carlosep/image/upload/q_auto,f_auto,w_800,c_scale/v1786593674/scraper/production/21972.jpg"
Dregen do Backyard Babies e The Hellacopters,2026-10-11,Manifesto Rock Bar - São Paulo,https://www.clubedoingresso.com/evento/dregendobackyardbabies-thehellacopters,"http://res.cloudinary.com/carlosep/image/upload/q_auto,f_auto,w_800,c_scale/v1778558530/scraper/production/21040.jpg"
El Mato a un Policia Motorizado,2026-10-11,Cine Joia - São Paulo,https://fastix.com.br/api/events/el-mato-a-un-policia-motorizado-em-sao-paulo/details,"http://res.cloudinary.com/carlosep/image/upload/q_auto,f_auto,w_800,c_scale/v1781150539/scraper/production/21735.jpg"
Zakk Sabbath no Carioca Club,2026-10-11,Carioca Club Pinheiros - São Paulo,https://www.clubedoingresso.com/evento/zakksabbath-cariocaclub,"http://res.cloudinary.com/carlosep/image/upload/q_auto,f_auto,w_800,c_scale/v1779336133/scraper/production/21246.jpg"
Black Label Society - São Paulo,2026-10-11,Terra SP - São Paulo,https://www.clubedoingresso.com/evento/blacklabelsociety-saopaulo,"http://res.cloudinary.com/carlosep/image/upload/q_auto,f_auto,w_800,c_scale/v1779336138/scraper/production/21253.jpg"
Black Label Society - São Paulo,2026-10-13,Terra SP - São Paulo,https://www.clubedoingresso.com/evento/blacklabelsociety-saopaulo,"http://res.cloudinary.com/carlosep/image/upload/q_auto,f_auto,w_800,c_scale/v1779336139/scraper/production/21254.jpg"
Black Label Society - São Paulo,2026-10-15,Terra SP - São Paulo,https://www.clubedoingresso.com/evento/blacklabelsociety-saopaulo,"http://res.cloudinary.com/carlosep/image/upload/q_auto,f_auto,w_800,c_scale/v1779336139/scraper/production/21256.jpg"
Festival Hardcore São Paulo 2026,2026-10-16,"R. Riachuelo, 194 - Sé - São Paulo",https://fastix.com.br/api/events/festival-hardcore-sao-paulo-2026/details,"http://res.cloudinary.com/carlosep/image/upload/q_auto,f_auto,w_800,c_scale/v1775707370/scraper/production/20062.jpg"
Apocalyptica em São Paulo,2026-10-16,Carioca Club Pinheiros - São Paulo,https://www.clubedoingresso.com/evento/apocalyptica-saopaulo,"http://res.cloudinary.com/carlosep/image/upload/q_auto,f_auto,w_800,c_scale/v1779422543/scraper/production/21293.jpg"
The Gathering,2026-10-16,Audio - São Paulo,https://www.ticket360.com.br/evento/31662/ingressos-para-the-gathering-in-concert,a confirmar
After Forever,2026-10-16,Tokio Marine Hall - São Paulo,https://www.ticketmaster.com.br/event/after-forever-tokio-marine-hall,a confirmar
Mortiis,2026-10-16,La Iglesia - São Paulo,https://101tickets.com.br/events/details/Mortiis-em-Sao-Paulo-16-10-2026,a confirmar
Hellbutcher em São Paulo,2026-10-17,Fabrique Club - São Paulo,https://www.clubedoingresso.com/evento/hellbutcher-fabriqueclub,"http://res.cloudinary.com/carlosep/image/upload/q_auto,f_auto,w_800,c_scale/v1786196826/scraper/production/21852.jpg"
Black Label Society - São Paulo,2026-10-17,Terra SP - São Paulo,https://www.clubedoingresso.com/evento/blacklabelsociety-saopaulo,"http://res.cloudinary.com/carlosep/image/upload/q_auto,f_auto,w_800,c_scale/v1779336140/scraper/production/21259.jpg"
Hybrid Theory – Tour Brasil 2026,2026-10-17,Audio - São Paulo,https://www.clubedoingresso.com/evento/hybridtheory2026-saopaulo,"http://res.cloudinary.com/carlosep/image/upload/q_auto,f_auto,w_800,c_scale/v1774670595/scraper/production/19660.jpg"
Between the Buried and Me,2026-10-17,Hangar 110 - São Paulo,https://fastix.com.br/api/events/between-the-buried-and-me-eua-em-sao-paulo/details,"http://res.cloudinary.com/carlosep/image/upload/q_auto,f_auto,w_800,c_scale/v1775707340/scraper/production/20053.jpg"
Festival Hardcore São Paulo 2026,2026-10-17,"R. Riachuelo, 194 - Sé - São Paulo",https://fastix.com.br/api/events/festival-hardcore-sao-paulo-2026/details,"http://res.cloudinary.com/carlosep/image/upload/q_auto,f_auto,w_800,c_scale/v1775707375/scraper/production/20063.jpg"
Roy Khan - The Black Halo and Beyond,2026-10-17,Carioca Club Pinheiros - São Paulo,https://www.clubedoingresso.com/evento/roykhan-theblackhaloandbeyond,"http://res.cloudinary.com/carlosep/image/upload/q_auto,f_auto,w_800,c_scale/v1778385782/scraper/production/21019.jpg"
Renato e Seus Blue Caps,2026-10-18,Clube Piratininga - São Paulo,https://www.clubedoingresso.com/evento/renatoeseusbluecaps-clubepiratininga,"http://res.cloudinary.com/carlosep/image/upload/q_auto,f_auto,w_800,c_scale/v1786196830/scraper/production/21856.jpg"
Black Label Society - São Paulo,2026-10-18,Terra SP - São Paulo,https://www.clubedoingresso.com/evento/blacklabelsociety-saopaulo,"http://res.cloudinary.com/carlosep/image/upload/q_auto,f_auto,w_800,c_scale/v1779336141/scraper/production/21261.jpg"
Amorphis em São Paulo,2026-10-18,Carioca Club Pinheiros - São Paulo,https://www.clubedoingresso.com/evento/amorphis-saopaulo,"http://res.cloudinary.com/carlosep/image/upload/q_auto,f_auto,w_800,c_scale/v1772769818/scraper/production/18897.jpg"
Festival Hardcore São Paulo 2026,2026-10-18,"R. Riachuelo, 194 - Sé - São Paulo",https://fastix.com.br/api/events/festival-hardcore-sao-paulo-2026/details,"http://res.cloudinary.com/carlosep/image/upload/q_auto,f_auto,w_800,c_scale/v1775707378/scraper/production/20065.jpg"
Festival Hardcore São Paulo 2026,2026-10-19,"R. Riachuelo, 194 - Sé - São Paulo",https://fastix.com.br/api/events/festival-hardcore-sao-paulo-2026/details,"http://res.cloudinary.com/carlosep/image/upload/q_auto,f_auto,w_800,c_scale/v1775707379/scraper/production/20066.jpg"
Black Label Society - São Paulo,2026-10-20,Terra SP - São Paulo,https://www.clubedoingresso.com/evento/blacklabelsociety-saopaulo,http://res.cloudinary.com/carlosep/image/upload/v1779336141/scraper/production/21261.jpg
Conexão Hardcore,2026-10-23,Hangar 110 - São Paulo,https://pixelticket.com.br/eventos/32794/conexao-hardcore,"http://res.cloudinary.com/carlosep/image/upload/q_auto,f_auto,w_800,c_scale/v1786196895/scraper/production/21899.jpg"
KNEECAP,2026-10-23,Cine Joia - São Paulo,https://ingresse.com/kneecap-sp,a confirmar
Malevolent Creation (EUA) e Mystic Circle (Alemanha) em São Paulo,2026-10-24,Hangar 110 - São Paulo,https://fastix.com.br/api/events/malevolent-creation-eua-e-mystic-circle-alemanha-em-sao-paulo/details,"http://res.cloudinary.com/carlosep/image/upload/q_auto,f_auto,w_800,c_scale/v1780632164/scraper/production/21576.jpg"
Fit For A King,2026-10-25,Carioca Club Pinheiros - São Paulo,https://www.clubedoingresso.com/evento/fitforaking-sp,"http://res.cloudinary.com/carlosep/image/upload/q_auto,f_auto,w_800,c_scale/v1775880166/scraper/production/20126.jpg"
Iron Maiden,2026-10-25,Allianz Parque - São Paulo,a confirmar (esgotado),a confirmar
Tigers Jaw (EUA) em São Paulo,2026-10-26,"Praça Carlos Gomes, 82 - Liberdade - São Paulo",https://fastix.com.br/api/events/tigers-jaw-eua-em-sao-paulo/details,"http://res.cloudinary.com/carlosep/image/upload/q_auto,f_auto,w_800,c_scale/v1778990570/scraper/production/21170.jpg"
Iron Maiden Para Crianças,2026-10-26,Teatro APCD - São Paulo,https://www.clubedoingresso.com/evento/ironmaidenparacriancas-saopaulo,"http://res.cloudinary.com/carlosep/image/upload/q_auto,f_auto,w_800,c_scale/v1786196833/scraper/production/21857.jpg"
Iron Maiden,2026-10-27,Allianz Parque - São Paulo,https://www.livepass.com.br/campaign/ironmaiden,a confirmar
Trick or Hardcore Fest,2026-10-31,Espaço Usine - São Paulo,https://fastix.com.br/api/events/h2o-eua-e-downset-eua-em-sao-paulo/details,"http://res.cloudinary.com/carlosep/image/upload/q_auto,f_auto,w_800,c_scale/v1786196887/scraper/production/21894.jpg"
Fishbone em São Paulo,2026-10-31,Fabrique Club - São Paulo,https://fastix.com.br/api/events/fishbone-em-sao-paulo/details,"http://res.cloudinary.com/carlosep/image/upload/q_auto,f_auto,w_800,c_scale/v1779854545/scraper/production/21384.jpg"
The Rasmus,2026-10-31,Carioca Club - São Paulo,https://uhuu.com/evento/sp/sao-paulo/the-rasmus-16309,a confirmar
Six Feet Under,2026-11-01,Hangar 110 - São Paulo,https://101tickets.com.br/events/details/Six-Feet-Under-em-Sao-Paulo-01-nov,a confirmar
Ronnie Wood,2026-11-01,Allianz Parque - São Paulo,https://www.eventim.com.br/artist/ronniewood/,a confirmar
Post Punk Brasil apresenta: PLOHO (Rússia),2026-11-02,Madame Underground Club - São Paulo,https://www.sympla.com.br/evento/post-punk-brasil-apresenta-ploho-russia/3455333,"http://res.cloudinary.com/carlosep/image/upload/q_auto,f_auto,w_800,c_scale/v1780718606/scraper/production/21614.jpg"
Rogério Skylab em São Paulo,2026-11-06,Carioca Club - São Paulo,https://www.clubedoingresso.com/evento/rogerioskylab-cariocaclub,"http://res.cloudinary.com/carlosep/image/upload/q_auto,f_auto,w_800,c_scale/v1786196838/scraper/production/21858.jpg"
Opeth,2026-11-06,Espaço Unimed - São Paulo,https://www.eventim.com.br/artist/opeth/,a confirmar
The White Buffalo,2026-11-07,Audio - São Paulo,https://fastix.com.br/api/events/the-white-buffalo-em-sao-paulo/details,"http://res.cloudinary.com/carlosep/image/upload/q_auto,f_auto,w_800,c_scale/v1769572966/scraper/production/17769.jpg"
Marty Friedman em São Paulo,2026-11-11,Manifesto - São Paulo,https://www.clubedoingresso.com/evento/martyfriedman-saopaulo,"http://res.cloudinary.com/carlosep/image/upload/q_auto,f_auto,w_800,c_scale/v1786196842/scraper/production/21861.jpg"
Social Distortion,2026-11-14,Vibra - São Paulo,https://101tickets.com.br/events/details/Social-Distortion-SP-2026-11-14,a confirmar
Newcore Festival 2026,2026-11-15,Carioca Club Pinheiros - São Paulo,https://www.clubedoingresso.com/evento/newcorefest2026,"http://res.cloudinary.com/carlosep/image/upload/q_auto,f_auto,w_800,c_scale/v1786196845/scraper/production/21864.jpg"
Best of Blues and Rock 2026 (20 a 22/nov),2026-11-20,Parque Ibirapuera - São Paulo,https://www.ticketmaster.com.br/event/best-of-blues-and-rock-2026,a confirmar
ZZ Top,2026-11-21,Suhai Music Hall - São Paulo,https://uhuu.com/evento/sp/sao-paulo/zz-top-brazil-2026-sao-paulo-16112,a confirmar
Roxette UK - The Tribute Show,2026-11-22,Carioca Club Pinheiros - São Paulo,https://www.clubedoingresso.com/evento/roxete-carioca,"http://res.cloudinary.com/carlosep/image/upload/q_auto,f_auto,w_800,c_scale/v1786196846/scraper/production/21865.jpg"
Johnny Marr,2026-11-24,Tokio Marine Hall - São Paulo,https://meaple.com.br/balaclava/johnny-marr-em-sao-paulo,a confirmar
Babymetal,2026-11-28,Espaço Unimed - São Paulo,https://www.eventim.com.br/BABYMETAL,a confirmar
Militarie Gun,2026-11-29,Hangar 110 - São Paulo,https://fastix.com.br/api/events/militarie-gun-eua-em-sao-paulo/details,"http://res.cloudinary.com/carlosep/image/upload/q_auto,f_auto,w_800,c_scale/v1786196889/scraper/production/21896.jpg"
Bruno Sutter Executa Iron Maiden! Comemorando 50 Anos da Banda,2026-12-04,Carioca Club Pinheiros - São Paulo,https://www.clubedoingresso.com/evento/brunosutter-ironmaiden-comemorando50anosdabanda,"http://res.cloudinary.com/carlosep/image/upload/q_auto,f_auto,w_800,c_scale/v1778817757/scraper/production/21142.jpg"
Bride em São Paulo,2026-12-05,Burning House - São Paulo,https://www.clubedoingresso.com/evento/bride-saopaulo,"http://res.cloudinary.com/carlosep/image/upload/q_auto,f_auto,w_800,c_scale/v1/scraper/production/20961.jpg"
Mukeka Di Rato,2026-12-05,Hangar 110 - São Paulo,https://pixelticket.com.br/eventos/32797/mukeka-di-rato,"http://res.cloudinary.com/carlosep/image/upload/q_auto,f_auto,w_800,c_scale/v1786196895/scraper/production/21900.jpg"
Tarja Turunen - The Spirit of Christmas,2026-12-05,Terra SP - São Paulo,https://www.clubedoingresso.com/evento/tarjaturunen,"http://res.cloudinary.com/carlosep/image/upload/q_auto,f_auto,w_800,c_scale/v1771473742/scraper/production/18276.jpg"
Primavera Sound São Paulo 2026 (5 a 6/dez),2026-12-05,Autódromo de Interlagos - São Paulo,a confirmar (ingressos em breve),a confirmar
Deep Purple,2026-12-05,Suhai Music Hall - São Paulo,https://app.cse360.com.br/www.eventim.com.br/deep-purple,a confirmar
Testament em São Paulo,2026-12-06,Carioca Club Pinheiros - São Paulo,https://www.clubedoingresso.com/evento/testament-saopaulo,"http://res.cloudinary.com/carlosep/image/upload/q_auto,f_auto,w_800,c_scale/v1778299381/scraper/production/20994.jpg"
Youth of Today,2026-12-12,Fabrique Club - São Paulo,https://fastix.com.br/api/events/youth-of-today-eua-em-sao-paulo/details,"http://res.cloudinary.com/carlosep/image/upload/q_auto,f_auto,w_800,c_scale/v1777348931/scraper/production/20697.jpg"
Liberation Festival 2026,2026-12-12,Vibra - São Paulo,https://www.clubedoingresso.com/evento/liberationfest2026,a confirmar
Verão Caos - 2ª Edição,2026-12-13,Hangar 110 - São Paulo,https://pixelticket.com.br/eventos/32403/verao-caos-2-edicao,"http://res.cloudinary.com/carlosep/image/upload/q_auto,f_auto,w_800,c_scale/v1781150541/scraper/production/21739.jpg"
Slayer,2026-12-17,Allianz Parque - São Paulo,https://www.livepass.com.br/,a confirmar
Avatar em São Paulo,2027-01-10,Carioca Club Pinheiros - São Paulo,https://www.clubedoingresso.com/evento/avatar-cariocaclub,"http://res.cloudinary.com/carlosep/image/upload/q_auto,f_auto,w_800,c_scale/v1786507260/scraper/production/21939.jpg"
Dio Symphonic Tribute,2027-01-16,Teatro APCD - São Paulo,https://www.clubedoingresso.com/evento/diosymphonictribute-saopaulo,"http://res.cloudinary.com/carlosep/image/upload/q_auto,f_auto,w_800,c_scale/v1786196850/scraper/production/21867.jpg"
The Symphony of Expedition 33 em São Paulo - Sessão Extra 17h00,2027-01-23,Teatro APCD - São Paulo,https://www.clubedoingresso.com/evento/thesymphonyofexpedition33-saopauloextra,"http://res.cloudinary.com/carlosep/image/upload/q_auto,f_auto,w_800,c_scale/v1778126545/scraper/production/20942.jpg"
The Symphony of Expedition 33 em São Paulo,2027-01-23,Teatro APCD - São Paulo,https://www.clubedoingresso.com/evento/thesymphonyofexpedition33-saopaulo,"http://res.cloudinary.com/carlosep/image/upload/q_auto,f_auto,w_800,c_scale/v1777435341/scraper/production/20724.jpg"
Alcest,2027-02-20,Carioca Club Pinheiros - São Paulo,https://www.clubedoingresso.com/evento/alcestemsaopaulo,"http://res.cloudinary.com/carlosep/image/upload/q_auto,f_auto,w_800,c_scale/v1786196851/scraper/production/21869.jpg"
Mortification em São Paulo,2027-02-20,Burning House - São Paulo,https://www.clubedoingresso.com/evento/mortification-saopaulo,"http://res.cloudinary.com/carlosep/image/upload/q_auto,f_auto,w_800,c_scale/v1776917110/scraper/production/20546.jpg"
Buffalo Tom,2027-02-25,Cine Joia - São Paulo,https://fastix.com.br/api/events/buffalo-tom-em-sao-paulo/details,"http://res.cloudinary.com/carlosep/image/upload/q_auto,f_auto,w_800,c_scale/v1773461017/scraper/production/19166.jpg"
Buffalo Tom,2027-02-27,Cine Joia - São Paulo,https://fastix.com.br/api/events/buffalo-tom-em-sao-paulo/details,"http://res.cloudinary.com/carlosep/image/upload/q_auto,f_auto,w_800,c_scale/v1773461018/scraper/production/19168.jpg"
Eleine em São Paulo,2027-02-28,Hangar 110 - São Paulo,https://www.clubedoingresso.com/evento/eleine-saopaulo,"http://res.cloudinary.com/carlosep/image/upload/q_auto,f_auto,w_800,c_scale/v1786248052/scraper/production/21905.jpg"
King Diamond Symphonic Tribute,2027-03-20,Teatro APCD - São Paulo,https://www.clubedoingresso.com/evento/kingdiamondsymphonictribute-saopaulo,"http://res.cloudinary.com/carlosep/image/upload/q_auto,f_auto,w_800,c_scale/v1786248052/scraper/production/21906.jpg"
Hybrid Theory – Tour Brasil 2027 - São Paulo,2027-04-02,Audio - São Paulo,https://www.clubedoingresso.com/evento/hybridtheory2027-saopaulo,"http://res.cloudinary.com/carlosep/image/upload/q_auto,f_auto,w_800,c_scale/v1786196856/scraper/production/21870.jpg"
